{"cameraMode":{"drawMode":0,"name":"Shaded","section":"Shading Mode"},"sceneLighting":true,"audioPlay":false,"sceneViewState":{"showFog":true,"showMaterialUpdate":false,"showSkybox":true,"showFlares":true,"showImageEffects":true,"showParticleSystems":true},"in2DMode":false,"pivot":{"x":15.401368141174317,"y":0.33097362518310549,"z":0.8999748229980469},"rotation":{"x":-0.2623603940010071,"y":0.33609050512313845,"z":-0.09790364652872086,"w":-0.8993023633956909},"size":23.05003547668457,"orthographic":false}